produto;preco;desconto;preco_desconto
Cardigan PB Labyrinth;R$ 13.400;-50%;R$ 6.629
Bolsa Quiltie 67 pequena;R$ 18.900;-40%;R$ 11.340
Calça jeans reta;R$ 3.411;-15%;R$ 2.798
Sapatilha com estampa de cobra;R$ 4.545;-15%;R$ 3.732
Bolsa de ombro Sack;R$ 7.727;-25%;R$ 5.418
Camisa polo com detalhe jeans;R$ 1.665;-20%;R$ 1.319
Sapato slingback de couro;R$ 6.650;-50%;R$ 3.292
Vestido longo sem alças;R$ 1.286;-15%;R$ 1.082
Jaqueta de couro destroyed;R$ 5.080;-30%;R$ 3.519
Cinto dupla face VLOGO de couro;R$ 6.350;-40%;R$ 3.810
Vestido com aplicação de strass;R$ 22.207;-45%;R$ 11.478
Bota Mini Robin;R$ 6.550;-30%;R$ 4.536
Bolsa The Camo mini;R$ 2.922;-25%;R$ 2.134
Vestido longo com plissado;R$ 7.655;-30%;R$ 5.361
Sapatilha de couro;R$ 11.114;-10%;R$ 10.003
Casaco com abotoamento duplo;R$ 3.551;-25%;R$ 2.635
Blazer de couro com abotoamento duplo;R$ 29.400;-50%;R$ 14.537
Crystal Ribbon clutch;R$ 12.953;-20%;R$ 10.208
Calça de seda;R$ 14.582;-20%;R$ 11.667
Scarpin slingback Rockstud com salto 60mm;R$ 6.500;-40%;R$ 3.900
Bolsa tote B-Army Grocery mini;R$ 9.889;-40%;R$ 5.938
Vestido midi de jersey;R$ 4.365;-30%;R$ 3.024
Sapatilha de camurça;R$ 4.200;-40%;R$ 2.520
Vestido La Mini Robe Scala;R$ 6.350;-20%;R$ 5.081
Jaqueta de couro;R$ 7.593;-30%;R$ 5.315
Bolsa de ombro VLogo Moon mini;R$ 15.500;-40%;R$ 9.300
Saia de tweed;R$ 15.786;-20%;R$ 11.842
Tênis Chromathon perfurado;R$ 5.450;-40%;R$ 3.270
Bolsa de ombro VLogo de couro;R$ 19.700;-40%;R$ 11.820
Vestido longo com franjas;R$ 6.036;-30%;R$ 4.228
Mule acolchoado com salto Gancini;R$ 7.950;-40%;R$ 4.770
Bolsa tote Turnlock Crossbody;R$ 6.062;-25%;R$ 4.324
Camiseta com estampa de olho;R$ 4.400;-20%;R$ 3.482
Ankle boot de couro com fivela Gancini;R$ 12.701;-10%;R$ 11.007
Saia longa com pregas;R$ 1.920;-20%;R$ 1.521
Bolsa tote B-Buzz 23 de canvas;R$ 24.377;-40%;R$ 14.630
Bolsa de ombro VLogo pequena em couro;R$ 27.500;-40%;R$ 16.500
Suéter Cosima;R$ 7.518;-20%;R$ 6.016
Sapatilha Rockstud com laço;R$ 5.750;-40%;R$ 3.450
Calça jeans Izey;R$ 2.683;-20%;R$ 2.148
Bolsa tote Spin;R$ 13.059;-10%;R$ 11.754
Calça jeans com patch de logo;R$ 8.265;-20%;R$ 6.538
Sandália T-Bar com salto 70mm;R$ 7.950;-40%;R$ 4.770
Jaqueta de couro com zíper;R$ 5.340;-30%;R$ 3.698
Regata de jacquard Toile Iconographe;R$ 8.900;-40%;R$ 5.340
Bolsa tote Fleming;R$ 8.660;-25%;R$ 6.322
Sapatilha com detalhe de fivela;R$ 4.903;-35%;R$ 3.134
Calça jeans wide leg;R$ 5.701;-40%;R$ 3.425
Bolsa de ombro Taru mini;R$ 5.276;-35%;R$ 3.170
Vestido longo Bysha;R$ 5.385;-20%;R$ 4.261
Mule acolchoado com salto Gancini;R$ 7.950;-40%;R$ 4.770
Vestido de festa Charo;R$ 7.424;-20%;R$ 5.941
Sapatilha Rockstud de couro;R$ 5.750;-40%;R$ 3.450
Bolsa tote The Jacquard média;R$ 3.235;0%;R$ 3.229
Cinto VLogo Signature dupla face 70mm;R$ 6.350;-40%;R$ 3.810
Bolsa de ombro The Dual Chain;R$ 3.235;0%;R$ 3.229
Vestido Amara longo;R$ 8.861;-30%;R$ 5.764
Sandália Roman Stud;R$ 6.500;-40%;R$ 3.900
Camisa Love de algodão;R$ 2.754;-30%;R$ 1.887
Ankle boot matelassê com estampa de logo;R$ 1.635;-40%;R$ 974
Carteira The Calino;R$ 3.701;-10%;R$ 3.331
"Tênis Samba OG ""Cloud White/Core Black/Clear Granite""";R$ 1.551;-35%;R$ 935
"Tênis Samba LT ""Cloud White/Core Black""";R$ 900;-30%;R$ 626
Bolsa tote com logo gravado;R$ 3.507;-10%;R$ 3.103
Vestido com padronagem chevron;R$ 20.091;-30%;R$ 14.067
Bolsa tote The Canvas Medium;R$ 2.163;0%;R$ 2.134
Tênis cano baixo Portofino;R$ 3.500;-40%;R$ 2.100
Bolsa tote The Canvas Medium;R$ 2.922;-25%;R$ 2.134
Scarpin slingback Rockstud;R$ 6.500;-40%;R$ 3.900
Sandália Arizona de couro com fivela;R$ 2.295;-10%;R$ 2.061
Vestido de festa Aashvi;R$ 16.660;-15%;R$ 13.330
Vestido longo Lyana;R$ 6.994;-30%;R$ 4.899
Tênis Samba;R$ 1.140;-10%;R$ 1.015
Bolsa tote Le Chiquito de couro;R$ 7.019;-10%;R$ 6.317
Vestido de festa Lorelei;R$ 20.445;-20%;R$ 16.171
Vestido de festa Brooke;R$ 14.997;-10%;R$ 13.498
Vestido de festa Raisa;R$ 14.406;-10%;R$ 12.966
Tênis Dunk Low Retro;R$ 4.184;-45%;R$ 2.098
Tênis Dunk Low WMNS;R$ 4.158;-50%;R$ 1.902
Tênis Campo Chromefree de couro;R$ 2.174;0%;R$ 1.958
Tênis de couro;R$ 5.570;-60%;R$ 2.209
Tênis Yeezy Boost 350 V2;R$ 9.227;-30%;R$ 6.316
Tênis Super-Star de couro destroyed;R$ 6.848;0%;R$ 6.164
Slide Goldenstar Hi de camurça;R$ 2.034;-20%;R$ 1.629
Sandália Arizona com tira dupla;R$ 1.525;-10%;R$ 1.298
Vestido de festa Serene drapeado;R$ 21.580;-20%;R$ 17.068
Vestido Abril;R$ 15.579;-40%;R$ 9.352
Vestido de festa Mikado;R$ 2.043;-30%;R$ 1.417
"Tênis 550 ""UNC""";R$ 2.251;-30%;R$ 1.578
"Tênis Air Jordan 1 Low OG SP ""Travis Scott X Fragment""";R$ 17.551;-40%;R$ 10.535
Vestido de cetim com aplicação floral;R$ 5.783;-15%;R$ 4.629
Vestido midi Amisha;R$ 19.616;-10%;R$ 17.655
Bolsa tote de camurça;R$ 3.630;-40%;R$ 2.157
Macaquinho com acabamento de renda;R$ 2.242;-30%;R$ 1.555
Vestido longo Gran Soleil;R$ 18.971;0%;R$ 17.098
Vestido longo ombro a ombro;R$ 9.098;-25%;R$ 6.403
